{"cameraMode":{"drawMode":0,"name":"Shaded","section":"Shading Mode"},"sceneLighting":false,"audioPlay":false,"sceneViewState":{"m_AlwaysRefresh":false,"showFog":true,"showSkybox":true,"showFlares":true,"showImageEffects":true,"showParticleSystems":true,"showVisualEffectGraphs":true,"m_FxEnabled":true},"in2DMode":false,"pivot":{"x":0.6247175931930542,"y":3.6021876335144045,"z":-1.8949460983276368},"rotation":{"x":0.1515781134366989,"y":0.0608191192150116,"z":-0.009009488858282566,"w":0.9867767095565796},"size":11.393142700195313,"orthographic":true}