{"cameraMode":{"drawMode":0,"name":"Shaded","section":"Shading Mode"},"sceneLighting":false,"audioPlay":false,"sceneViewState":{"m_AlwaysRefresh":false,"showFog":true,"showSkybox":true,"showFlares":true,"showImageEffects":true,"showParticleSystems":true,"showVisualEffectGraphs":true,"m_FxEnabled":true},"in2DMode":false,"pivot":{"x":0.6247175931930542,"y":3.6021876335144045,"z":-1.8949460983276368},"rotation":{"x":0.18584071099758149,"y":-0.00880865752696991,"z":0.0018392478814348579,"w":0.98274827003479},"size":11.213079452514649,"orthographic":true}