{"cameraMode":{"drawMode":0,"name":"Shaded","section":"Shading Mode"},"sceneLighting":true,"audioPlay":false,"sceneViewState":{"m_AlwaysRefresh":false,"showFog":true,"showSkybox":true,"showFlares":true,"showImageEffects":true,"showParticleSystems":true,"showVisualEffectGraphs":true,"m_FxEnabled":true},"in2DMode":false,"pivot":{"x":-1.5235645771026612,"y":1.3915948867797852,"z":-3.846463680267334},"rotation":{"x":0.21812939643859864,"y":0.014654716476798058,"z":-0.0032019640784710647,"w":0.9759143590927124},"size":9.12024974822998,"orthographic":true}