{"cameraMode":{"drawMode":0,"name":"Shaded","section":"Shading Mode"},"sceneLighting":true,"audioPlay":false,"sceneViewState":{"m_AlwaysRefresh":false,"showFog":true,"showSkybox":true,"showFlares":true,"showImageEffects":true,"showParticleSystems":true,"showVisualEffectGraphs":true,"m_FxEnabled":true},"in2DMode":false,"pivot":{"x":1.3909761905670167,"y":17.48617172241211,"z":-18.804828643798829},"rotation":{"x":0.03249111771583557,"y":0.6821426749229431,"z":-0.030242668464779855,"w":0.7300261855125427},"size":21.048259735107423,"orthographic":true}