{"cameraMode":{"drawMode":0,"name":"Shaded","section":"Shading Mode"},"sceneLighting":false,"audioPlay":false,"sceneViewState":{"m_AlwaysRefresh":false,"showFog":true,"showSkybox":false,"showFlares":true,"showImageEffects":true,"showParticleSystems":true,"showVisualEffectGraphs":true,"m_FxEnabled":true},"in2DMode":false,"pivot":{"x":-0.10594740509986878,"y":3.458251714706421,"z":0.018284335732460023},"rotation":{"x":0.009898741729557515,"y":0.006001098547130823,"z":0.000043796171667054296,"w":1.000044345855713},"size":1.356803059577942,"orthographic":true}