{"cameraMode":{"drawMode":0,"name":"Shaded","section":"Shading Mode"},"sceneLighting":false,"audioPlay":false,"sceneViewState":{"m_AlwaysRefresh":false,"showFog":true,"showSkybox":false,"showFlares":true,"showImageEffects":true,"showParticleSystems":true,"showVisualEffectGraphs":true,"m_FxEnabled":true},"in2DMode":false,"pivot":{"x":-0.1059635728597641,"y":2.9403655529022219,"z":0.008028745651245118},"rotation":{"x":0.009898741729557515,"y":0.006001098547130823,"z":0.000043796171667054296,"w":1.000044345855713},"size":3.1078219413757326,"orthographic":true}