{"cameraMode":{"drawMode":0,"name":"Shaded","section":"Shading Mode"},"sceneLighting":false,"audioPlay":false,"sceneViewState":{"showFog":true,"showMaterialUpdate":false,"showSkybox":false,"showFlares":true,"showImageEffects":true,"showParticleSystems":true},"in2DMode":false,"pivot":{"x":2.0408241748809816,"y":0.890728235244751,"z":29.084003448486329},"rotation":{"x":-0.004499852657318115,"y":-0.008703557774424553,"z":0.000039160448068287224,"w":-0.9999553561210632},"size":19.859376907348634,"orthographic":false}