{"cameraMode":{"drawMode":0,"name":"Shaded","section":"Shading Mode"},"sceneLighting":false,"audioPlay":false,"sceneViewState":{"showFog":true,"showMaterialUpdate":false,"showSkybox":false,"showFlares":true,"showImageEffects":true,"showParticleSystems":true},"in2DMode":false,"pivot":{"x":-61.78922653198242,"y":33.291648864746097,"z":-0.20000001788139344},"rotation":{"x":0.13695968687534333,"y":0.010400914587080479,"z":-0.0014373434241861106,"w":0.9905309677124023},"size":1.3654463291168213,"orthographic":true}